Workbook
Name GroupA: 'Danh muc HH'!$B$107:$B$295
Name GroupB: 'Danh muc HH'!$B$297:$B$493
Name GroupC: 'Danh muc HH'!$B$495:$B$737
Name GroupD: 'Danh muc HH'!$B$739:$B$943
Name GroupE: 'Danh muc HH'!$B$945:$B$1096
Name GroupF: 'Danh muc HH'!$B$1098:$B$1215
Name GroupG: 'Danh muc HH'!$B$1217:$B$1373
Name GroupH: 'Danh muc HH'!$B$1375:$B$1533
Name GroupI: 'Danh muc HH'!$B$1535:$B$1650
Name GroupK: 'Danh muc HH'!$B$1652:$B$1808
Name GroupL: 'Danh muc HH'!$B$1810:$B$1945
Name GroupM: 'Danh muc HH'!$B$1947:$B$2130
Name GroupN: 'Danh muc HH'!$B$2132:$B$2294
Name GroupO: 'Danh muc HH'!$B$2296:$B$2421
Name GroupP: 'Danh muc HH'!$B$2423:$B$2616
Name GroupR: 'Danh muc HH'!$B$2618:$B$2735
Name GroupS: 'Danh muc HH'!$B$2737:$B$2858
Name GroupTH: 'Danh muc HH'!$B$2860:$B$3859
Name NHOMHANG: 'Danh muc HH'!$I$2:$I$20
Name NUMB: 'Danh muc HH'!$B$2:$B$105

Sheet Table 1
A1: DANH MỤC SẢN PHẨM ZALO: 0938 305 325 - 0909 23 99 10 - 0906 73 47 67 Tel: 3868 4225 - 3868 4469
B2: TênĐVT Giá bán | I2: TênĐVT Giá bán
A3: 1 | B3: 3B chai (C/50v) MK | D3: Chai | F3: 26.5 | H3: 53 | I3: An Nữ Đan | J3: Chai | K3: 121
A4: 2 | B4: 3B PV (H/100v) | D4: Hộp | F4: 37 | H4: 54 | I4: An Tâm Ngủ Ngon | J4: Hộp | K4: 142
A5: 3 | B5: 3B rẻ (H/100V)-DAKTIN | D5: Hộp | F5: 13 | H5: 55 | I5: An trĩ vương | J5: Hộp | K5: 157
A6: 4 | B6: 3B vĩ (H/100v) MK | D6: Hộp | F6: 61.8 | H6: 56 | I6: An Trĩ Vương Gel | J6: Tube | K6: 76
A7: 5 | B7: A 5000IU (H/100v) | D7: Hộp | F7: 25 | H7: 57 | I7: An triệu (lớn) 100ML | J7: Chai | K7: 33
A8: 6 | B8: Acemol 325 (C/40v) | D8: Chai | F8: 9.5 | H8: 58 | I8: An triệu (nhỏ) 60ml | J8: Chai | K8: 19
A9: 7 | B9: Acemuc 100 kids | D9: Hộp | F9: 52 | H9: 59 | I9: Antot - IQ | J9: Hộp | K9: 40
A10: 8 | B10: Acemuc 200-VIEN | D10: Hộp | F10: 66 | H10: 60 | I10: Áo đình ( Không nhận hàng đổi trả ) | J10: Hộp | K10: 337
A11: 9 | B11: Ace-tazolamic (H/100V) | D11: Hộp | F11: 92 | H11: 61 | I11: Apirin 81 VDP-Vĩ | J11: Hộp | K11: 13
A12: 10 | B12: Ace-tyl 200 vĩ 2/9 | D12: Hộp | F12: 50 | H12: 62 | I12: Apirin PH8 -Mekophar | J12: Hộp | K12: 85
A13: 11 | B13: Ace-tyl chai 2/9 (C/80v) | D13: Chai | F13: 38 | H13: 63 | I13: Apitim | J13: Hộp | K13: 21
A14: 12 | B14: Acetyl GÓI ( 2/9) (H/30 gói) | D14: Hộp | F14: 33.7 | H14: 64 | I14: Aquadetrim -K2 VN | J14: Chai | K14: 40
... A54: 52 | B54: An Bảo Nước | D54: Chai | F54: 36 | H54: 104 | I54: Bạch ngân PV-125ML | J54: Chai | K54: 40
B55: TênĐVT Giá bán | I55: TênĐVT Giá bán
A56: 105 | B56: Bách Xà | D56: Hộp | F56: 98 | H56: 157 | I56: Bisolvon -Vĩ | J56: Hộp | K56: 56
A57: 106 | B57: Bài Thạch ĐN | D57: Chai | F57: 45 | H57: 158 | I57: Biviflu -CHAI | J57: Chai | K57: 305
A58: 107 | B58: Bảo thanh ngậm (H/20 vỉ) xanh | D58: Hộp | F58: 148 | H58: 159 | I58: Biviflu -F | J58: Hộp | K58: 63
A59: 108 | B59: Bảo thanh ngậm ko đường (H/20 vỉ) | D59: Hộp | F59: 198 | H59: 160 | I59: BKLK | J59: Hộp | K59: 151
A60: 109 | B60: Bảo thanh siro | D60: Chai | F60: 44 | H60: 161 | I60: BKLK- cây | J60: Cây | K60: 15.5
A61: 110 | B61: Bảo Thanh siro TE | D61: Hộp | F61: 32.5 | H61: 162 | I61: Bổ gân tê bại | J61: Chai | K61: 23.5
A62: 111 | B62: Bảo tú lệ ( K nhận đổi trả - Tăng giá) | D62: Hộp | F62: 117 | H62: 163 | I62: Bổ khí thông huyết BVP (H/30v) | J62: Hộp | K62: 39
A63: 112 | B63: Bảo xuân Tím | D63: Hộp | F63: 136 | H63: 164 | I63: Bổ phế - siro | J63: Chai | K63: 43
A64: 113 | B64: Bảo Xuân Vàng | D64: Hộp | F64: 112 | H64: 165 | I64: Bổ phế - siro K0 đường NH | J64: Chai | K64: 55
A65: 114 | B65: Bar - lớn (C/180v) (không nhận đổi tr | D65: Lọ | F65: 57.5 | H65: 166 | I65: Bổ phế - viên (H/24v) | J65: Hộp | K65: 22
A66: 115 | B66: Bar - nhỏ (C/60v) | D66: Lọ | F66: 22 | H66: 167 | I66: Bổ phế Chỉ khái Lộ -TT | J66: Chai | K66: 29
A67: 116 | B67: Bảy màu Bình Thuận | D67: Lox | F67: 69 | H67: 168 | I67: Bổ Thận Âm (C/240v) OPC | J67: Chai | K67: 39.5
... A107: 156 | B107: Bisolvon SR | D107: Chai | F107: 34 | H107: 208 | I107: Calci hasan sủi | J107: Tuýp | K107: 46
B108: TênĐVT Giá bán | I108: TênĐVT Giá bán
A109: 209 | B109: Calci sủi BOSTON | D109: Tube | F109: 44 | H109: 261 | I109: Cevinton Fort (H/30v) | J109: Hộp | K109: 35
A110: 210 | B110: Calcigenol | D110: Chai | F110: 27 | H110: 262 | I110: Cezinate 250 (TW25) (H/10v) | J110: Hộp | K110: 24.6
A111: 211 | B111: Calcitriol Hà Tây | D111: Hộp | F111: 19 | H111: 263 | I111: Cezinate 500 (TW25) (H/20v)-LỚN | J111: Hộp | K111: 65
A112: 212 | B112: Cảm xuyên hương | D112: Hộp | F112: 39 | H112: 264 | I112: Chè Thái Bình- LỚN | J112: Bịch | K112: 84
A113: 213 | B113: Cao bạch hổ - lọ | D113: Lọ | F113: 21.5 | H113: 265 | I113: Choliver HG | J113: Tube | K113: 30.5
A114: 214 | B114: Captopril 25 -DMC | D114: Hộp | F114: 46 | H114: 266 | I114: Chức Năng Gan BN | J114: Hộp | K114: 65
A115: 215 | B115: Captoril 25mg QUẬN 4 | D115: Hộp | F115: 10 | H115: 267 | I115: Cicatrex | J115: Tube | K115: 35
A116: 216 | B116: Carbogast (H/30v) | D116: Hộp | F116: 38 | H116: 268 | I116: Cidetuss | J116: Hộp | K116: 85
A117: 217 | B117: Carbomango ( NAM VIỆT ) | D117: Chai | F117: 8 | H117: 269 | I117: CIM (viên) - DMK4/2021 | J117: Hộp | K117: 14
A118: 218 | B118: Carbotrim - DL (H/80v) | D118: Hộp | F118: 50 | H118: 270 | I118: CIM siro > 180ml | J118: Chai | K118: 37
A119: 219 | B119: CARBOVIS | D119: Chai | F119: 6.2 | H119: 271 | I119: CIM Sr Nhỏ | J119: Chai | K119: 25
A120: 220 | B120: Cardico 2.5 | D120: Hộp | F120: 25 | H120: 272 | I120: Cime 300 chai - MKF | J120: Chai | K120: 80.5
... A160: 260 | B160: Cetirizin10 vĩ- TG | D160: Hộp | F160: 13.5 | H160: 312 | I160: Cồn xoa bóp OPC | J160: Chai | K160: 28
B161: TênĐVT Giá bán | I161: TênĐVT Giá bán
A162: 313 | B162: Cồn xoa bóp OPC xịt | D162: Chai | F162: 28 | H162: 365 | I162: Denicol-Tăng giá | J162: Chai | K162: 16.5
A163: 314 | B163: Cool Patch dá | D163: Hộp | F163: 22 | H163: 366 | I163: Denta OPC | J163: Chai | K163: 14.5
A164: 315 | B164: Coolkid - Hạ sốt | D164: Hộp | F164: 31.5 | H164: 367 | I164: Dercuma Gel -MỚI | J164: Tube | K164: 62
A165: 316 | B165: Coramin MKF-CT4 | D165: Hộp | F165: 44 | H165: 368 | I165: Derma HG | J165: Chai | K165: 15
A166: 317 | B166: CORBIERE Lớn EX | D166: Hộp | F166: 178 | H166: 369 | I166: DERMAFORT pm | J166: Tuýp | K166: 82
A167: 318 | B167: CORBIERE Nhỏ EX | D167: Hộp | F167: 140 | H167: 370 | I167: Dermovate -Pm | J167: Tube | K167: 41
A168: 319 | B168: Cortibion (TS) | D168: Lox | F168: 125 | H168: 371 | I168: DESCOTYL - 500 | J168: Hộp | K168: 175
A169: 320 | B169: Cortonyl - OPC | D169: Chai | F169: 14 | H169: 372 | I169: DESCOTYL 250 | J169: Hộp | K169: 165
A170: 321 | B170: Cốt thoái vương (H/30v) | D170: Hộp | F170: 145 | H170: 373 | I170: Desloratadin 5mg Q4 | J170: Hộp | K170: 50
A171: 322 | B171: Cốt thống thuỷ ( An Phát ) | D171: Chai | F171: 30.5 | H171: 374 | I171: Detriat (H/20v)-TĂNG GIÁ | J171: Hộp | K171: 21
A172: 323 | B172: Cotaxoang | D172: Hộp | F172: 40 | H172: 375 | I172: Devaligen F (H/25v) | J172: Hộp | K172: 175
A173: 324 | B173: Cotixil (H/16v) MK | D173: Hộp | F173: 14.6 | H173: 376 | I173: Devomir (H/30v) | J173: Hộp | K173: 8.5
... A213: 364 | B213: Đen Thái Dương | D213: Hộp | F213: 78 | H213: 416 | I213: Doro 3.0 - DMK | J213: Hộp | K213: 45
B214: TênĐVT Giá bán | I214: TênĐVT Giá bán
A215: 417 | B215: Doro-can 40 | D215: Hộp | F215: 24.5 | H215: 469 | I215: Erybact 365 (H/25 gói) | J215: Hộp | K215: 29.5
A216: 418 | B216: Doro-cron 30 | D216: Hộp | F216: 53 | H216: 470 | I216: Eska nhỏ mắt | J216: Chai | K216: 13
A217: 419 | B217: Dorogyl | D217: Hộp | F217: 32 | H217: 471 | I217: Esomepazol 20mg US | J217: Hộp | K217: 39
A218: 420 | B218: Dorogyl F | D218: Hộp | F218: 37 | H218: 472 | I218: Esomepazol 40mg US | J218: Hộp | K218: 67
A219: 421 | B219: Doropycin (H/ 20 Gói ) | D219: Hộp | F219: 32 | H219: 473 | I219: Esomeprazol 20 -Stda | J219: Hộp | K219: 90
A220: 422 | B220: Dorotyl 250 (VBD) | D220: Hộp | F220: 57 | H220: 474 | I220: Esomerazol 40mg -stda | J220: Hộp | K220: 170
A221: 423 | B221: Dorover 4 | D221: Hộp | F221: 41 | H221: 475 | I221: Eucapho | J221: Chai | K221: 14
A222: 424 | B222: Dorover Plus | D222: Hộp | F222: 30 | H222: 476 | I222: Eugica kẹo | J222: Hộp | K222: 56
A223: 425 | B223: Dota - C | D223: Bịch | F223: 43 | H223: 477 | I223: Eugica đỏ | J223: Hộp | K223: 74
A224: 426 | B224: Dotium | D224: Hộp | F224: 26 | H224: 478 | I224: Eugica kẹo (túi/300v) | J224: Bịch | K224: 151
A225: 427 | B225: Dotusil F Q4 | D225: Chai | F225: 65 | H225: 479 | I225: Eugica kẹo hủ -PV | J225: Hủ | K225: 155
A226: 428 | B226: Doxy - DMK | D226: Hộp | F226: 66 | H226: 480 | I226: Eugica LỚN | J226: Chai | K226: 28
... A266: 468 | B266: Erybact 365 (H/100V) | D266: Hộp | F266: 48.5 | H266: 520 | I266: Gấu misa 30g ( Date xa) | J266: Tube | K266: 27
B267: TênĐVT Giá bán | I267: TênĐVT Giá bán
A268: 521 | B268: Gaviscon | D268: Hộp | F268: 159 | H268: 573 | I268: Hainew -chai | J268: Chai | K268: 33
A269: 522 | B269: Gentrisone - NGOẠI | D269: Tube | F269: 13.5 | H269: 574 | I269: Hainew -gói | J269: Hộp | K269: 158
A270: 523 | B270: Giải Độc Gan Tuệ Linh -lọ | D270: Lọ | F270: 182 | H270: 575 | I270: Hamega (H/40v) | J270: Hộp | K270: 54
A271: 524 | B271: Giảm cân PV (C/60v) | D271: Hộp | F271: 108 | H271: 576 | I271: Hamet (H/24 gói) HG | J271: Hộp | K271: 47
A272: 525 | B272: Giảo cổ lam - trà | D272: Hộp | F272: 52 | H272: 577 | I272: Hapa 150 (gói) | J272: Hộp | K272: 29
A273: 526 | B273: Giảo cổ lam--- (H/100V). Trăm Viên | D273: Chai | F273: 180 | H273: 578 | I273: Hapa 150 gói -Flu | J273: Hộp | K273: 30.5
A274: 527 | B274: Giảo cổ lam (H/60V) ( Không nhận đổ | D274: Hộp | F274: 122 | H274: 579 | I274: Hapa 250 (gói) | J274: Hộp | K274: 39
A275: 528 | B275: Ginko NATO -Tím | D275: Hộp | F275: 43 | H275: 580 | I275: Hapa 325 (C/100v) | J275: Chai | K275: 18
A276: 529 | B276: Ginko Natto Q10 -PV | D276: Hộp | F276: 48 | H276: 581 | I276: Hapa 325 (H/100v) | J276: Hộp | K276: 20
A277: 530 | B277: Ginko NATTO -US TÍM | D277: Hộp | F277: 42 | H277: 582 | I277: Hapa 500 extra (H/100v) | J277: Hộp | K277: 45
A278: 531 | B278: Ginko Q10-Màu xanh | D278: Hộp | F278: 44 | H278: 583 | I278: Hapa 500 sủi | J278: Hộp | K278: 31
A279: 532 | B279: Ginko THANH HẰNG | D279: Hộp | F279: 39 | H279: 584 | I279: Hapa 650 (C/100v) | J279: Chai | K279: 47
... A319: 572 | B319: Hagimox 250 (gói) | D319: Hộp | F319: 24 | H319: 624 | I319: H-Vacolaren | J319: Hộp | K319: 10.5
B320: TênĐVT Giá bán | I320: TênĐVT Giá bán
A321: 625 | B321: Ibu 400 HG ( Hagifen ) | D321: Hộp | F321: 40 | H321: 677 | I321: Kim long | J321: Hộp | K321: 35
A322: 626 | B322: Ibu 400mg TV | D322: Hộp | F322: 42 | H322: 678 | I322: Kim miễn khang (H/30v) | J322: Hộp | K322: 145
A323: 627 | B323: Ibu 600 - MK -CT T5 | D323: Hộp | F323: 53 | H323: 679 | I323: Kim Tân Sản Hậu | J323: Chai | K323: 51
A324: 628 | B324: Ibuparavic - Q4 | D324: Hộp | F324: 62 | H324: 680 | I324: Kim Thần Khang (H/30v) | J324: Hộp | K324: 190
A325: 629 | B325: Ích Giáp Vương (H/30v) | D325: Hộp | F325: 190 | H325: 681 | I325: Kim Thính (H/30v) | J325: Hộp | K325: 190
A326: 630 | B326: Ích Mẫu Lợi Nhi | D326: Hộp | F326: 212 | H326: 682 | I326: Kim Tiền Thảo Đại Y | J326: Chai | K326: 10
A327: 631 | B327: Ich mẫu PV | D327: Hộp | F327: 18 | H327: 683 | I327: Kim tiền thảo OPC đường (C/100v) | J327: Chai | K327: 49
A328: 632 | B328: Ích nhi - ăn ngon MỚI | D328: Chai | F328: 61 | H328: 684 | I328: Kim tiền thảo OPC fim (C/100v) | J328: Chai | K328: 49
A329: 633 | B329: Ích nhi - ho | D329: Chai | F329: 50 | H329: 685 | I329: Kim tiền thảo PV (C/100v) | J329: Chai | K329: 40
A330: 634 | B330: Ích tâm khang (H/30v) | D330: Hộp | F330: 186 | H330: 686 | I330: Kisu (H/20v)-Hộp lớn-( Không nhận đ | J330: Hộp | K330: 183
A331: 635 | B331: Ích thận vương (H/30v) | D331: Hộp | F331: 190 | H331: 687 | I331: Kizemit -S (Q4) | J331: Hộp | K331: 18
A332: 636 | B332: Ích Tiểu Vương (H/30V) | D332: Hộp | F332: 195 | H332: 688 | I332: Kla - 1G | J332: Hộp | K332: 102
... A372: 676 | B372: Kim đởm khang (H/30v) | D372: Hộp | F372: 152 | H372: 728 | I372: Losartan 50mg Stada | J372: Hộp | K372: 70
B373: TênĐVT Giá bán | I373: TênĐVT Giá bán
...

Sheet Danh Muc
A1: STT | B1: Tên Sản Phẩm | C1: ĐVT | D1: Giá bán
A2: 1 | B2: 3B chai (C/50v) MK | C2: Chai | D2: 26.5
A3: 2 | B3: 3B PV (H/100v) | C3: Hộp | D3: 37
A4: 3 | B4: 3B rẻ (H/100V)-DAKTIN | C4: Hộp | D4: 13
A5: 4 | B5: 3B vĩ (H/100v) MK | C5: Hộp | D5: 61.8
A6: 5 | B6: A 5000IU (H/100v) | C6: Hộp | D6: 25
A7: 6 | B7: Acemol 325 (C/40v) | C7: Chai | D7: 9.5
A8: 7 | B8: Acemuc 100 kids | C8: Hộp | D8: 52
A9: 8 | B9: Acemuc 200-VIEN | C9: Hộp | D9: 66
A10: 9 | B10: Ace-tazolamic (H/100V) | C10: Hộp | D10: 92
A11: 10 | B11: Ace-tyl 200 vĩ 2/9 | C11: Hộp | D11: 50
A12: 11 | B12: Ace-tyl chai 2/9 (C/80v) | C12: Chai | D12: 38
A13: 12 | B13: Acetyl GÓI ( 2/9) (H/30 gói) | C13: Hộp | D13: 33.7
... A1041: 1040 | B1041: Silkron HQ | C1041: Tube | D1041: 17.4

Sheet QLSP
I1: Tổng Tiền Nhập | J1: =SUM(H7:H24) -> 9802.5
I2: Lãi Sỉ + Lẻ
A6: STT | B6: Tên sản phẩm | C6: Đơn vị tính | D6: Số Lượng | E6: Giá Nhập | F6: Giá Bán Sỉ | G6: Giá Bán Lẻ | H6: Thành Tiền | J6: Tên Sản Phẩm | K6: SL Bán Sỉ | L6: SL Bán Lẻ | M6: Thu Nhập Sỉ/Lẻ | N6: Tồn Kho | O6: Tiền Lãi Trên SP
B7: 3B chai (C/50v) MK | C7: Chai | D7: 5 | E7: 26.5 | F7: 27.5 | G7: 40 | H7: =E7*D7 -> 132.5 | J7: 3B chai (C/50v) MK | L7: 1 | M7: =F7*K7+G7*L7 -> 40 | N7: =D7-K7-L7 -> 4 | O7: =M7-H7 -> -92.5
B8: 3B PV (H/100v) | C8: Hộp | D8: 5 | E8: 37 | F8: 38 | G8: 60 | H8: =E8*D8 -> 185 | J8: 3B PV (H/100v) | K8: 5 | M8: =F8*K8+G8*L8 -> 190 | N8: =D8-K8-L8 -> 0 | O8: =M8-H8 -> 5
B9: 3B rẻ (H/100V)-DAKTIN | C9: Hộp | D9: 5 | E9: 13 | F9: 14 | G9: 30 | H9: =E9*D9 -> 65 | J9: 3B rẻ (H/100V)-DAKTIN | K9: 5 | M9: =F9*K9+G9*L9 -> 70 | N9: =D9-K9-L9 -> 0 | O9: =M9-H9 -> 5
B10: 3B vĩ (H/100v) MK | C10: Hộp | D10: 5 | E10: 61.8 | F10: 63 | G10: 72 | H10: =E10*D10 -> 309 | J10: 3B vĩ (H/100v) MK | K10: 5 | M10: =F10*K10+G10*L10 -> 315 | N10: =D10-K10-L10 -> 0 | O10: =M10-H10 -> 6
B11: A 5000IU (H/100v) | C11: Hộp | D11: 5 | E11: 25 | F11: 26 | G11: 40 | H11: =E11*D11 -> 125 | J11: A 5000IU (H/100v) | L11: 3 | M11: =F11*K11+G11*L11 -> 120 | N11: =D11-K11-L11 -> 2 | O11: =M11-H11 -> -5
B12: Acemol 325 (C/40v) | C12: Chai | D12: 5 | E12: 9.5 | F12: 10 | G12: 20 | H12: =E12*D12 -> 47.5 | J12: Acemol 325 (C/40v) | M12: =F12*K12+G12*L12 -> 0 | N12: =D12-K12-L12 -> 5 | O12: =M12-H12 -> -47.5
B13: Acemuc 100 kids | C13: Hộp | D13: 5 | E13: 52 | F13: 53 | G13: 58 | H13: =E13*D13 -> 260 | J13: Acemuc 100 kids | M13: =F13*K13+G13*L13 -> 0 | N13: =D13-K13-L13 -> 5 | O13: =M13-H13 -> -260
B14: Acemuc 200-VIEN | C14: Hộp | D14: 24 | E14: 66 | F14: 67 | G14: 80 | H14: =E14*D14 -> 1584 | J14: Acemuc 200-VIEN | K14: 10 | L14: 3 | M14: =F14*K14+G14*L14 -> 910 | N14: =D14-K14-L14 -> 11 | O14: =M14-H14 -> -674
B15: Ace-tazolamic (H/100V) | C15: Hộp | D15: 12 | E15: 92 | F15: 93 | G15: 105 | H15: =E15*D15 -> 1104 | J15: Ace-tazolamic (H/100V) | K15: 10 | L15: 2 | M15: =F15*K15+G15*L15 -> 1140 | N15: =D15-K15-L15 -> 0 | O15: =M15-H15 -> 36
B16: Ace-tyl 200 vĩ 2/9 | C16: Hộp | D16: 20 | E16: 50 | F16: 52 | G16: 77 | H16: =E16*D16 -> 1000 | J16: Ace-tyl 200 vĩ 2/9 | K16: 5 | L16: 3 | M16: =F16*K16+G16*L16 -> 491 | N16: =D16-K16-L16 -> 12 | O16: =M16-H16 -> -509
B17: Ace-tyl chai 2/9 (C/80v) | C17: Chai | D17: 10 | E17: 38 | F17: 40 | G17: 60 | H17: =E17*D17 -> 380 | J17: Ace-tyl chai 2/9 (C/80v) | K17: 5 | L17: 4 | M17: =F17*K17+G17*L17 -> 440 | N17: =D17-K17-L17 -> 1 | O17: =M17-H17 -> 60
B18: Acetyl GÓI ( 2/9) (H/30 gói) | C18: Hộp | D18: 20 | E18: 33.7 | F18: 35 | G18: 50 | H18: =E18*D18 -> 674 | J18: Acetyl GÓI ( 2/9) (H/30 gói) | K18: 12 | L18: 2 | M18: =F18*K18+G18*L18 -> 520 | N18: =D18-K18-L18 -> 6 | O18: =M18-H18 -> -154
B19: Ace-tyl vĩ MKP-CT | C19: Hộp | D19: 20 | E19: 44 | F19: 47 | G19: 65 | H19: =E19*D19 -> 880 | J19: Ace-tyl vĩ MKP-CT | K19: 8 | L19: 1 | M19: =F19*K19+G19*L19 -> 441 | N19: =D19-K19-L19 -> 11 | O19: =M19-H19 -> -439
B20: Acigmentin 625-Minh Hải | C20: Hộp | D20: 30 | E20: 54 | F20: 58 | G20: 70 | H20: =E20*D20 -> 1620 | J20: Acigmentin 625-Minh Hải | K20: 20 | M20: =F20*K20+G20*L20 -> 1160 | N20: =D20-K20-L20 -> 10 | O20: =M20-H20 -> -460
B21: Acimentin 1G - MINH HẢI | C21: Hộp | D21: 10 | E21: 57 | F21: 60 | G21: 78 | H21: =E21*D21 -> 570 | J21: Acimentin 1G - MINH HẢI | L21: 10 | M21: =F21*K21+G21*L21 -> 780 | N21: =D21-K21-L21 -> 0 | O21: =M21-H21 -> 210
B22: Acy 200 -viên stda | C22: Hộp | D22: 11 | E22: 32 | F22: 35 | G22: 64 | H22: =E22*D22 -> 352 | J22: Acy 200 -viên stda | M22: =F22*K22+G22*L22 -> 0 | N22: =D22-K22-L22 -> 11 | O22: =M22-H22 -> -352
B23: Acyc lovir 200 (H/10v) DMK | C23: Hộp | D23: 3 | E23: 31.5 | F23: 33 | G23: 54 | H23: =E23*D23 -> 94.5 | J23: Acyc lovir 200 (H/10v) DMK | L23: 3 | M23: =F23*K23+G23*L23 -> 162 | N23: =D23-K23-L23 -> 0 | O23: =M23-H23 -> 67.5
B24: ACYCLOVIR 400 STD | C24: Hộp | D24: 5 | E24: 84 | F24: 86 | G24: 90 | H24: =E24*D24 -> 420 | J24: ACYCLOVIR 400 STD | L24: 5 | M24: =F24*K24+G24*L24 -> 450 | N24: =D24-K24-L24 -> 0 | O24: =M24-H24 -> 30

Sheet XNT
A1: STT | B1: Ngày/tháng/ năm | C1: Tên hàng hóa | D1: Đơn vị tính | E1: Số lượng | F1: Đơn giá | G1: Thành tiền | H1: Tồn kho ban đầu | I1: Tồn kho sau bán | J1: Ghi chú

Sheet Khach Hang
A1: STT | B1: Tên khách hàng | C1: Số điện thoại | D1: Địa chỉ | E1: Cọc TM/CK

Sheet Danh muc HH
A1: NHÓM | B1: Tên sản phẩm | C1: Đơn vị tính | D1: Giá Bán Sỉ | E1: Giá Bán Lẻ | I1: Nhóm Hàng
A2: NUMB | B2: 3B chai (C/50v) MK | C2: Chai | D2: 26500 | E2: =D2+15 -> 26515 | I2: NUMB
B3: 3B PV (H/100v) | C3: Hộp | D3: 37000 | E3: =D3+15 -> 37015 | I3: GroupA
B4: 3B rẻ (H/100V)-DAKTIN | C4: Hộp | D4: 13000 | E4: =D4+15 -> 13015 | I4: GroupB
B5: 3B vĩ (H/100v) MK | C5: Hộp | D5: 61800 | E5: =D5+15 -> 61815 | I5: GroupC
I6: GroupD
I7: GroupE
I8: GroupF
I9: GroupG
I10: GroupH
I11: GroupI
I12: GroupK
I13: GroupL
I14: GroupM
I15: GroupN
I16: GroupO
I17: GroupP
... I20: GroupTH
A107: GroupA | B107: A 5000IU (H/100v) | C107: Hộp | D107: 25000 | E107: =D107+15 -> 25015
B108: Acemol 325 (C/40v) | C108: Chai | D108: 9500 | E108: =D108+15 -> 9515
B109: Acemuc 100 kids | C109: Hộp | D109: 52000 | E109: =D109+15 -> 52015
B110: Acemuc 200-VIEN | C110: Hộp | D110: 66000 | E110: =D110+15 -> 66015
B111: Ace-tazolamic (H/100V) | C111: Hộp | D111: 92000 | E111: =D111+15 -> 92015
B112: Ace-tyl 200 vĩ 2/9 | C112: Hộp | D112: 50000 | E112: =D112+15 -> 50015
B113: Ace-tyl chai 2/9 (C/80v) | C113: Chai | D113: 38000 | E113: =D113+15 -> 38015
B114: Acetyl GÓI ( 2/9) (H/30 gói) | C114: Hộp | D114: 33700 | E114: =D114+15 -> 33715
B115: Ace-tyl vĩ MKP-CT | C115: Hộp | D115: 44000 | E115: =D115+15 -> 44015
B116: Acigmentin 625-Minh Hải | C116: Hộp | D116: 54000 | E116: =D116+15 -> 54015
B117: Acimentin 1G - MINH HẢI | C117: Hộp | D117: 57000 | E117: =D117+15 -> 57015
B118: Acy 200 -viên stda | C118: Hộp | D118: 32000 | E118: =D118+15 -> 32015
B119: Acyc lovir 200 (H/10v) DMK | C119: Hộp | D119: 31500 | E119: =D119+15 -> 31515
... B195: Azytex (Hộp) (H/100v) | C195: Hộp | D195: 19000 | E195: =D195+15 -> 19015
A297: GroupB | B297: B1 250mg DAKTIN | C297: Chai | D297: 17000 | E297: =D297+15 -> 17015
B298: B1-250 (C/100v c.a.p) - MK | C298: Chai | D298: 56500 | E298: =D298+15 -> 56515
B299: B1-250 (H/100v) MK | C299: Hộp | D299: 55000 | E299: =D299+15 -> 55015
B300: B1-50 (C/100v) MKF | C300: Chai | D300: 14500 | E300: =D300+15 -> 14515
B301: B1-50 Rẻ ( Lox 10c ) | C301: Lox | D301: 34000 | E301: =D301+15 -> 34015
B302: B2 Lọ nhí | C302: Lọ | D302: 3500 | E302: =D302+15 -> 3515
B303: B6 250mg PP | C303: Chai | D303: 21000 | E303: =D303+15 -> 21015
B304: B6-250 (vĩ) (H/100v) MK | C304: Hộp | D304: 44000 | E304: =D304+15 -> 44015
B305: Bà giằng (Lớn) (C/400v)-XA | C305: Lọ | D305: 75000 | E305: =D305+15 -> 75015
B306: Bà giằng (Nhỏ) (C/250v) | C306: Lọ | D306: 56000 | E306: =D306+15 -> 56015
B307: Bạch ngân PV-125ML | C307: Chai | D307: 40000 | E307: =D307+15 -> 40015
B308: Bách Xà | C308: Hộp | D308: 98000 | E308: =D308+15 -> 98015
B309: Bài Thạch ĐN | C309: Chai | D309: 45000 | E309: =D309+15 -> 45015
... B393: BSI | C393: Lox | D393: 80000 | E393: =D393+15 -> 80015
A495: GroupC | B495: C 1G -MKF | C495: Tuýp | D495: 14000 | E495: =D495+15 -> 14015
B496: C.loxaxin 250 - MK | C496: Hộp | D496: 55900 | E496: =D496+15 -> 55915
B497: C100 | C497: Chai | D497: 18000 | E497: =D497+15 -> 18015
B498: C1G -Opc | C498: Tube | D498: 15000 | E498: =D498+15 -> 15015
B499: C250 (c/c.a.p) -QB | C499: Chai | D499: 24000 | E499: =D499+15 -> 24015
B500: C250 (c/nen) - Q4 | C500: Chai | D500: 38000 | E500: =D500+15 -> 38015
B501: C500 (vĩ/c.a.p) - KH | C501: Hộp | D501: 32000 | E501: =D501+15 -> 32015
B502: C500 (vĩ/nén) - QB | C502: Hộp | D502: 30000 | E502: =D502+15 -> 30015
B503: C500 (vĩ/nen) MK (H/200v) | C503: Hộp | D503: 64000 | E503: =D503+15 -> 64015
B504: C500 chai -QB | C504: Chai | D504: 30000 | E504: =D504+15 -> 30015
B505: Cà gai leo -Tue linh | C505: Chai | D505: 123000 | E505: =D505+15 -> 123015
B506: CaFe Xanh -TNV | C506: Hộp | D506: 67000 | E506: =D506+15 -> 67015
B507: Calci C (xủi) | C507: Hộp | D507: 14000 | E507: =D507+15 -> 14015
... B637: Curmin -Nano Bình vị -Hộp 20g | C637: Hộp | D637: 97000 | E637: =D637+15 -> 97015
A739: GroupD | B739: D.E.P mỡ MKF -20 lo | C739: Hộp | D739: 147000 | E739: =D739+15 -> 147015
B740: Dạ Dày Nhất Nhất | C740: Hộp | D740: 109000 | E740: =D740+15 -> 109015
B741: Dạ hương tím | C741: Chai | D741: 25000 | E741: =D741+15 -> 25015
B742: Dạ hương vòi | C742: Chai | D742: 31000 | E742: =D742+15 -> 31015
B743: Dạ hương xanh | C743: Chai | D743: 25000 | E743: =D743+15 -> 25015
B744: Dạ minh châu (H/12v) | C744: Hộp | D744: 44000 | E744: =D744+15 -> 44015
B745: Đái dầm ĐT | C745: Chai | D745: 69000 | E745: =D745+15 -> 69015
B746: Đại T àng HD -H100v | C746: Hộp | D746: 40000 | E746: =D746+15 -> 40015
B747: Đại tràng Bà giằng | C747: Chai | D747: 58000 | E747: =D747+15 -> 58015
B748: Đại tràng BN | C748: Hộp | D748: 56000 | E748: =D748+15 -> 56015
B749: Đại tràng NN | C749: Hộp | D749: 110000 | E749: =D749+15 -> 110015
B750: Đại tràng PH | C750: Hộp | D750: 36000 | E750: =D750+15 -> 36015
B751: Đại tràng TB | C751: Hộp | D751: 82000 | E751: =D751+15 -> 82015
... B843: Duphalac | C843: Hộp | D843: 90000 | E843: =D843+15 -> 90015
A945: GroupE | B945: E400 v.dài (H/30v) | C945: Hộp | D945: 25000 | E945: =D945+15 -> 25015
B946: Ecoship ( Yaguchi) -H 20G | C946: Hộp | D946: 152000 | E946: =D946+15 -> 152015
B947: Ecoship (đúng tên) | C947: Hộp | D947: 242000 | E947: =D947+15 -> 242015
B948: Edolkid (gói) | C948: Hộp | D948: 26500 | E948: =D948+15 -> 26515
B949: Efelagin 500 sủi -TIỀN GIANG | C949: Hộp | D949: 20000 | E949: =D949+15 -> 20015
B950: Effe 500 sủi -Ngoại | C950: Hộp | D950: 66000 | E950: =D950+15 -> 66015
B951: Effervescen ủi DMC | C951: Hộp | D951: 31000 | E951: =D951+15 -> 31015
B952: Efticol | C952: Lox | D952: 24000 | E952: =D952+15 -> 24015
B953: Emcare | C953: Chai | D953: 53000 | E953: =D953+15 -> 53015
B954: EMCO | C954: Hộp | D954: 109000 | E954: =D954+15 -> 109015
B955: Enaplaril 5mg Stda | C955: Hộp | D955: 18000 | E955: =D955+15 -> 18015
B956: Enaplaril 10mg -stda | C956: Hộp | D956: 27000 | E956: =D956+15 -> 27015
B957: Enat 400 ( Mega ) | C957: Hộp | D957: 101000 | E957: =D957+15 -> 101015
... B996: Eylight -Vàng | C996: Chai | D996: 22500 | E996: =D996+15 -> 22515
A1098: GroupF | B1098: Farzincol - chai VIÊN (C/100v) | C1098: Lọ | D1098: 46400 | E1098: =D1098+15 -> 46415
B1099: Farzincol - siro 90ml | C1099: Chai | D1099: 24000 | E1099: =D1099+15 -> 24015
B1100: Farzincol - vĩ (H/100v)- MBF | C1100: Hộp | D1100: 40000 | E1100: =D1100+15 -> 40015
B1101: Farzincol -vĩ PMD | C1101: Hộp | D1101: 61000 | E1101: =D1101+15 -> 61015
B1102: Felodipin 5mg STD | C1102: Hộp | D1102: 145000 | E1102: =D1102+15 -> 145015
B1103: Fenaflam | C1103: Hộp | D1103: 22000 | E1103: =D1103+15 -> 22015
B1104: Fenofibrat 200 (H/30v) | C1104: Hộp | D1104: 45000 | E1104: =D1104+15 -> 45015
B1105: Fexo 120 (H/10v) | C1105: Hộp | D1105: 12000 | E1105: =D1105+15 -> 12015
B1106: Fexo 180 US | C1106: Hộp | D1106: 18000 | E1106: =D1106+15 -> 18015
B1107: Fexo 60 CL - 10v | C1107: Hộp | D1107: 8000 | E1107: =D1107+15 -> 8015
B1108: Fexo 60 HV-100v | C1108: Hộp | D1108: 60000 | E1108: =D1108+15 -> 60015
B1109: FLUCINAR | C1109: Tube | D1109: 42500 | E1109: =D1109+15 -> 42515
...

Sheet Hoa don
A2: Nhà Thuốc QUỲNH ANH | E2: HÓA ĐƠN BÁN HÀNG
E3: --------****---------
E4: Thuốc Tây & Vật Tư Y Tế
A5: ĐC: Bình Dương | E5: Trang Thiết Bị Ngành Y
A6: ĐT: 090 00000000
A8: Tên khách hàng: | C8: Nguyen Le Nhu Ngoc
A9: Địa chỉ: | C9: Lai Thieu
A10: Điện thoại: | C10: 0912123123
A12: TT | B12: NHÓM | C12: TÊN HÀNG | D12: ĐVT | E12: SL | F12: ĐƠN GIÁ | G12: THÀNH TIỀN
A13: 1 | B13: GroupA | C13: A 5000IU (H/100v) | D13: =IFERROR(VLOOKUP($C13,'Danh muc HH'!B2:D2758,2,0),"") -> Hộp | E13: 1 | F13: =IFERROR(VLOOKUP($C13,'Danh muc HH'!B2:D2758,3,0),"") -> 25000 | G13: =IFERROR(E13*F13,"") -> 25000
A14: 2 | B14: GroupE | C14: Ecoship ( Yaguchi) -H 20G | D14: =IFERROR(VLOOKUP($C14,'Danh muc HH'!B2:D2859,2,0),"") -> Hộp | E14: 3 | F14: =IFERROR(VLOOKUP($C14,'Danh muc HH'!B2:D2859,3,0),"") -> 152000 | G14: =IFERROR(E14*F14,"") -> 456000
A15: 3 | B15: GroupD | C15: Dạ hương vòi | D15: =IFERROR(VLOOKUP($C15,'Danh muc HH'!B2:D2860,2,0),"") -> Chai | E15: 4 | F15: =IFERROR(VLOOKUP($C15,'Danh muc HH'!B2:D2860,3,0),"") -> 31000 | G15: =IFERROR(E15*F15,"") -> 124000
A16: 4 | B16: GroupE | C16: Efelagin 500 sủi -TIỀN GIANG | D16: =IFERROR(VLOOKUP($C16,'Danh muc HH'!B2:D2861,2,0),"") -> Hộp | E16: 5 | F16: =IFERROR(VLOOKUP($C16,'Danh muc HH'!B2:D2861,3,0),"") -> 20000 | G16: =IFERROR(E16*F16,"") -> 100000
A17: 5 | B17: GroupF | C17: Fenofibrat 200 (H/30v) | D17: =IFERROR(VLOOKUP($C17,'Danh muc HH'!B2:D2862,2,0),"") -> Hộp | E17: 6 | F17: =IFERROR(VLOOKUP($C17,'Danh muc HH'!B2:D2862,3,0),"") -> 45000 | G17: =IFERROR(E17*F17,"") -> 270000
A18: 6 | B18: GroupF | C18: Farzincol - siro 90ml | D18: =IFERROR(VLOOKUP($C18,'Danh muc HH'!B2:D2863,2,0),"") -> Chai | E18: 2 | F18: =IFERROR(VLOOKUP($C18,'Danh muc HH'!B2:D2863,3,0),"") -> 24000 | G18: =IFERROR(E18*F18,"") -> 48000
A19: 7 | B19: GroupS | C19: Salonship | D19: =IFERROR(VLOOKUP($C19,'Danh muc HH'!B2:D2864,2,0),"") -> Hộp | E19: 7 | F19: =IFERROR(VLOOKUP($C19,'Danh muc HH'!B2:D2864,3,0),"") -> 168000 | G19: =IFERROR(E19*F19,"") -> 1176000
A20: 8 | B20: GroupG | C20: Gạc nhỏ | D20: =IFERROR(VLOOKUP($C20,'Danh muc HH'!B2:D2865,2,0),"") -> Gói | E20: 10 | F20: =IFERROR(VLOOKUP($C20,'Danh muc HH'!B2:D2865,3,0),"") -> 3000 | G20: =IFERROR(E20*F20,"") -> 30000
A21: 9 | B21: NUMB | C21: 3B PV (H/100v) | D21: =IFERROR(VLOOKUP($C21,'Danh muc HH'!B2:D2866,2,0),"") -> Hộp | E21: 2 | F21: =IFERROR(VLOOKUP($C21,'Danh muc HH'!B2:D2866,3,0),"") -> 37000 | G21: =IFERROR(E21*F21,"") -> 74000
A22: 10 | B22: GroupH | C22: Hà Thủ ô TW 3 3/2024 | D22: =IFERROR(VLOOKUP($C22,'Danh muc HH'!B2:D2867,2,0),"") -> Chai | E22: 5 | F22: =IFERROR(VLOOKUP($C22,'Danh muc HH'!B111:D2867,3,0),"") -> 76000 | G22: =IFERROR(E22*F22,"") -> 380000
A23: 11 | D23: =IFERROR(VLOOKUP($C23,'Danh muc HH'!B2:D2868,2,0),"") | F23: =IFERROR(VLOOKUP($C23,'Danh muc HH'!B112:D2868,3,0),"")
A24: 12 | D24: =IFERROR(VLOOKUP($C24,'Danh muc HH'!B5:D2869,2,0),"") | F24: =IFERROR(VLOOKUP($C24,'Danh muc HH'!B113:D2869,3,0),"")
A25: 13 | D25: =IFERROR(VLOOKUP($C25,'Danh muc HH'!B5:D2870,2,0),"") | F25: =IFERROR(VLOOKUP($C25,'Danh muc HH'!B114:D2870,3,0),"")
A26: 14 | D26: =IFERROR(VLOOKUP($C26,'Danh muc HH'!B5:D2871,2,0),"") | F26: =IFERROR(VLOOKUP($C26,'Danh muc HH'!B115:D2871,3,0),"")
A27: 15 | D27: =IFERROR(VLOOKUP($C27,'Danh muc HH'!B108:D2872,2,0),"") | F27: =IFERROR(VLOOKUP($C27,'Danh muc HH'!B116:D2872,3,0),"")
A28: 16 | D28: =IFERROR(VLOOKUP($C28,'Danh muc HH'!B108:D2873,2,0),"") | F28: =IFERROR(VLOOKUP($C28,'Danh muc HH'!B117:D2873,3,0),"")
A29: 17 | D29: =IFERROR(VLOOKUP($C29,'Danh muc HH'!B108:D2874,2,0),"") | F29: =IFERROR(VLOOKUP($C29,'Danh muc HH'!B118:D2874,3,0),"")
A30: 18 | D30: =IFERROR(VLOOKUP($C30,'Danh muc HH'!B111:D2875,2,0),"") | F30: =IFERROR(VLOOKUP($C30,'Danh muc HH'!B119:D2875,3,0),"")
A31: 19 | D31: =IFERROR(VLOOKUP($C31,'Danh muc HH'!B111:D2876,2,0),"") | F31: =IFERROR(VLOOKUP($C31,'Danh muc HH'!B120:D2876,3,0),"")
A32: 20 | D32: =IFERROR(VLOOKUP($C32,'Danh muc HH'!B111:D2877,2,0),"") | F32: =IFERROR(VLOOKUP($C32,'Danh muc HH'!B121:D2877,3,0),"")
A33: TỔNG CỘNG | E33: =SUM(E13:E32) -> 45 | G33: =SUM(G13:G32) -> 2683000
A35: Số tiền bằng chữ: | D35: =[1]!UNI(G33) -> Hai triệu sáu trăm tám mươi ba nghìn đồng
E37: =TODAY() -> 45463
A39: KHÁCH HÀNG | E39: NGƯỜI BÁN HÀNG

Sheet Sheet1
A1: 2229000 | B1: =[1]!UNI(A1) -> Hai triệu hai trăm hai mươi chín nghìn đồng
A2: 2683000 | B2: =[1]!UNI(A2) -> Hai triệu sáu trăm tám mươi ba nghìn đồng
